scheduler_type,fit_algorithm,time
FIFO,FirstFit,0.10643243789672852
FIFO,BestFit,0.10391521453857422
FIFO,WorstFit,0.1415085792541504
Round Robin,FirstFit,0.09892702102661133
Round Robin,BestFit,0.10346198081970215
Round Robin,WorstFit,0.09903883934020996
Shortest Job First,FirstFit,0.14017462730407715
Shortest Job First,BestFit,0.09908103942871094
Shortest Job First,WorstFit,0.10181021690368652
